archive_path	repo_path
03-Reports-and-Financials/Financials/2025-12-31-ggm-q2-financial-statements--9a5566ab45.pdf	static/documents/financials/2026-q2-fs.pdf
03-Reports-and-Financials/Financials/2025-12-31-ggm-q2-mda--e9b95ca6aa.pdf	static/documents/financials/2026-q2-mda.pdf
03-Reports-and-Financials/Financials/2026-q1-ggm-fs--39eac132ed.pdf	static/documents/financials/2026-q1-fs.pdf
03-Reports-and-Financials/Financials/2026-q1-ggm-mda--946712715b.pdf	static/documents/financials/2026-q1-mda.pdf
03-Reports-and-Financials/Financials/ye-2025-fs--34ab2360e7.pdf	static/documents/financials/2025-annual-fs.pdf
03-Reports-and-Financials/Financials/ye-2025-mda--1fa41e01b4.pdf	static/documents/financials/2025-annual-mda.pdf
03-Reports-and-Financials/Financials/granada-q3-2025-fs--7713d4961b.pdf	static/documents/financials/2025-q3-fs.pdf
03-Reports-and-Financials/Financials/granada-q3-2025-mda--3b2e7fb5d7.pdf	static/documents/financials/2025-q3-mda.pdf
03-Reports-and-Financials/Financials/granada_q2_2025_fs_final--ecbf339599.pdf	static/documents/financials/2025-q2-fs.pdf
03-Reports-and-Financials/Financials/granada_q2_2025_mda_final--6e7b6fe69a.pdf	static/documents/financials/2025-q2-mda.pdf
03-Reports-and-Financials/Financials/20241128_-_granada_q1_sep30_fs_1--442b57f810.pdf	static/documents/financials/2025-q1-fs.pdf
03-Reports-and-Financials/Financials/20241128_-_granada_q1_sep30_mda_1--74bb48a194.pdf	static/documents/financials/2025-q1-mda.pdf
03-Reports-and-Financials/Financials/granada_q4_2024_fs--777b74c97a.pdf	static/documents/financials/2024-annual-fs.pdf
03-Reports-and-Financials/Financials/granada_q4_2024_mda--e7c55e325e.pdf	static/documents/financials/2024-annual-mda.pdf
03-Reports-and-Financials/Financials/granada_q3_mar31-_2024_financial_statements--e21cd96718.pdf	static/documents/financials/2024-q3-fs.pdf
03-Reports-and-Financials/Financials/granada_q3_mar31-_2024_mda--4d9c676eac.pdf	static/documents/financials/2024-q3-mda.pdf
03-Reports-and-Financials/Financials/granada_fs_q2_2024--ce23edfc7f.pdf	static/documents/financials/2024-q2-fs.pdf
03-Reports-and-Financials/Financials/granada_mda_q2_2024--c6370062fc.pdf	static/documents/financials/2024-q2-mda.pdf
03-Reports-and-Financials/Financials/granada_fs_q1_2023--9b1d979a14.pdf	static/documents/financials/2024-q1-fs.pdf
03-Reports-and-Financials/Financials/granada_mda_q1_2023--9f2520c002.pdf	static/documents/financials/2024-q1-mda.pdf
03-Reports-and-Financials/Financials/granada_final_fs_with_report--74467ab56c.pdf	static/documents/financials/2023-annual-fs.pdf
03-Reports-and-Financials/Financials/granada_md_a_q4_2023--c4d4f85898.pdf	static/documents/financials/2023-annual-mda.pdf
03-Reports-and-Financials/Financials/granada_q3_2023_fs_final--8cc6cfc838.pdf	static/documents/financials/2023-q3-fs.pdf
03-Reports-and-Financials/Financials/granada_q3_2023_mda_final--a603e3e6e7.pdf	static/documents/financials/2023-q3-mda.pdf
03-Reports-and-Financials/Financials/2023-q2-fs-ggm--d7e7ca05cc.pdf	static/documents/financials/2023-q2-fs.pdf
03-Reports-and-Financials/Financials/2023-q2-mda-ggm--e701f5162c.pdf	static/documents/financials/2023-q2-mda.pdf
03-Reports-and-Financials/Financials/2023-q1-fs-ggm--6ae3bfb186.pdf	static/documents/financials/2023-q1-fs.pdf
03-Reports-and-Financials/Financials/2023-q1-mda-ggm--32a41a8066.pdf	static/documents/financials/2023-q1-mda.pdf
03-Reports-and-Financials/Financials/granada_gold_financial_statements_12_months_ended_june--cb6af514cf.pdf	static/documents/financials/2022-annual-fs.pdf
03-Reports-and-Financials/Financials/granada_gold_md_a_12_months_ended_june_30-_2022--56bc2f83eb.pdf	static/documents/financials/2022-annual-mda.pdf
03-Reports-and-Financials/Financials/granda_gold_mines_financial_statements_march_31-_2022--a502be5a29.pdf	static/documents/financials/2022-q3-fs.pdf
03-Reports-and-Financials/Financials/granda_gold_mines_mda_march_31-_2022--2364b7beb5.pdf	static/documents/financials/2022-q3-mda.pdf
03-Reports-and-Financials/Financials/ggm-q2_dec_31-_2021-fs_-_final_-_2022_02_28--8b58ecf9cd.pdf	static/documents/financials/2022-q2-fs.pdf
03-Reports-and-Financials/Financials/ggm_-_q2_december_31_21_mda_-_final_-_2022_02_28--be5215fef3.pdf	static/documents/financials/2022-q2-mda.pdf
03-Reports-and-Financials/Financials/ggm-q1_sep_30-_2021-fs_-_final_-_2021_11_29--4a30f4226f.pdf	static/documents/financials/2022-q1-fs.pdf
03-Reports-and-Financials/Financials/ggm_-_q1_september_30_21_mda_-_final_-_2021_11_29--afa95f4b6b.pdf	static/documents/financials/2022-q1-mda.pdf
03-Reports-and-Financials/Financials/ggm_-_final_financial_statements_with_auditors_report--2c2e587766.pdf	static/documents/financials/2021-annual-fs.pdf
03-Reports-and-Financials/Financials/ggm_-_q4_june_30_21_2021_mda_-_final_-_2021_10_28--386ebadfaa.pdf	static/documents/financials/2021-annual-mda.pdf
03-Reports-and-Financials/Financials/ggm-q3_mar_31-_2021-fs_-_final_-_2021_05_27--b648e7dd3f.pdf	static/documents/financials/2021-q3-fs.pdf
03-Reports-and-Financials/Financials/ggm_-_q3_mar_31-_2021_mda_-_final_-_2021_05_27--a5188306e1.pdf	static/documents/financials/2021-q3-mda.pdf
03-Reports-and-Financials/Financials/2021-q2-fs-ggm--6c604b3704.pdf	static/documents/financials/2021-q2-fs.pdf
03-Reports-and-Financials/Financials/2021-q2-mda-ggm--2d24b512bd.pdf	static/documents/financials/2021-q2-mda.pdf
03-Reports-and-Financials/Financials/granada_gold_mine_q1_financial_statements_nov__30-_2020--41b70e12b0.pdf	static/documents/financials/2021-q1-fs.pdf
03-Reports-and-Financials/Financials/granada_gold_mine_q1_md_a_filed_nov__30-_2020--684f15dfe3.pdf	static/documents/financials/2021-q1-mda.pdf
03-Reports-and-Financials/Financials/granada_gold_mine_inc__q4_2020_financial_statements--ae840df87c.pdf	static/documents/financials/2020-annual-fs.pdf
03-Reports-and-Financials/Financials/granada_gold_mine_inc__q4_2020_md_a--8081697e5c.pdf	static/documents/financials/2020-annual-mda.pdf
03-Reports-and-Financials/Financials/2020-03-31_fs--628acc86bd.pdf	static/documents/financials/2020-q3-fs.pdf
03-Reports-and-Financials/Financials/2020-03-31_md_a--2efa0c774e.pdf	static/documents/financials/2020-q3-mda.pdf
03-Reports-and-Financials/Financials/granada_gold_mine_inc__q2_2020_financial_statements--ea3b044837.pdf	static/documents/financials/2020-q2-fs.pdf
03-Reports-and-Financials/Financials/granada_gold_mine_inc__q2_2020_md_a--0d339089d6.pdf	static/documents/financials/2020-q2-mda.pdf
03-Reports-and-Financials/Financials/2020-q1-fs-ggm--9cc05b3644.pdf	static/documents/financials/2020-q1-fs.pdf
03-Reports-and-Financials/Financials/2020-q1-mda-ggm--ba72fd5c5c.pdf	static/documents/financials/2020-q1-mda.pdf
03-Reports-and-Financials/Financials/ggm_fs_june_30_2019--da8be5f31c.pdf	static/documents/financials/2019-annual-fs.pdf
03-Reports-and-Financials/Financials/ggm_mda_-_june_30_2019--a950b12d45.pdf	static/documents/financials/2019-annual-mda.pdf
03-Reports-and-Financials/Financials/2019_03_31_fs--85544135c2.pdf	static/documents/financials/2019-q3-fs.pdf
03-Reports-and-Financials/Financials/2019_03_31_mda--41d867fd1e.pdf	static/documents/financials/2019-q3-mda.pdf
03-Reports-and-Financials/Financials/2019-q2-fs--f01d3429b4.pdf	static/documents/financials/2019-q2-fs.pdf
03-Reports-and-Financials/Financials/2019-q2-mda--52042d2f74.pdf	static/documents/financials/2019-q2-mda.pdf
03-Reports-and-Financials/Financials/2018_09_30_fs--51bbfbc9c8.pdf	static/documents/financials/2019-q1-fs.pdf
03-Reports-and-Financials/Financials/2018-09-30_md_a--af31f9498c.pdf	static/documents/financials/2019-q1-mda.pdf
03-Reports-and-Financials/Financials/2018-q4-fs-ggm--69abe27e99.pdf	static/documents/financials/2018-annual-fs.pdf
03-Reports-and-Financials/Financials/2018-q2-mda-ggm--78ed77e180.pdf	static/documents/financials/2018-annual-mda.pdf
03-Reports-and-Financials/Financials/2018-03-31_fs--081af3e4e0.pdf	static/documents/financials/2018-q3-fs.pdf
03-Reports-and-Financials/Financials/2018-03-31_md_a--dd12d64250.pdf	static/documents/financials/2018-q3-mda.pdf
03-Reports-and-Financials/Financials/2017-12-31_fs--aea136759d.pdf	static/documents/financials/2018-q2-fs.pdf
03-Reports-and-Financials/Financials/2017-12-31_md_a--697e1ff0d9.pdf	static/documents/financials/2018-q2-mda.pdf
03-Reports-and-Financials/Financials/2017-09-30_fs--5edae7f921.pdf	static/documents/financials/2018-q1-fs.pdf
03-Reports-and-Financials/Financials/2017-09-30_mda--b4ae630aec.pdf	static/documents/financials/2018-q1-mda.pdf
03-Reports-and-Financials/Financials/2017-06-30_granada_fs--22092d6dc8.pdf	static/documents/financials/2017-annual-fs.pdf
03-Reports-and-Financials/Financials/2017-06-30_mda--a2ac24261b.pdf	static/documents/financials/2017-annual-mda.pdf
03-Reports-and-Financials/Financials/2017-q3-fs--90cd42a9ef.pdf	static/documents/financials/2017-q3-fs.pdf
03-Reports-and-Financials/Financials/2017-q3-mda--ead53d3cea.pdf	static/documents/financials/2017-q3-mda.pdf
03-Reports-and-Financials/Financials/2017-q2-fs--a7e43ee893.pdf	static/documents/financials/2017-q2-fs.pdf
03-Reports-and-Financials/Financials/2017-q2-mda--1e1b1268c9.pdf	static/documents/financials/2017-q2-mda.pdf
03-Reports-and-Financials/Financials/2017-q1-fs--3815a12065.pdf	static/documents/financials/2017-q1-fs.pdf
03-Reports-and-Financials/Financials/2017-q1-mda--6155d0fd39.pdf	static/documents/financials/2017-q1-mda.pdf
03-Reports-and-Financials/Financials/2016-q4-fs--c9aab35348.pdf	static/documents/financials/2016-annual-fs.pdf
03-Reports-and-Financials/Financials/2016-q4-mda--88fd061c91.pdf	static/documents/financials/2016-annual-mda.pdf
03-Reports-and-Financials/Shareholder-Meetings/2015-agm--e3861da8d3.pdf	static/documents/agm/2015-agm.pdf
03-Reports-and-Financials/Financials/2016-q3-fs--8146725765.pdf	static/documents/financials/2016-q3-fs.pdf
03-Reports-and-Financials/Financials/2016-q3-mda--3aea869899.pdf	static/documents/financials/2016-q3-mda.pdf
03-Reports-and-Financials/Financials/2016-q2-fs--f0eeeef01a.pdf	static/documents/financials/2016-q2-fs.pdf
03-Reports-and-Financials/Financials/2016-q2-mda--48897275eb.pdf	static/documents/financials/2016-q2-mda.pdf
03-Reports-and-Financials/Financials/2016-q1-fs--f8f2b58dbc.pdf	static/documents/financials/2016-q1-fs.pdf
03-Reports-and-Financials/Financials/2016-q1-mda--4e9bd34ecf.pdf	static/documents/financials/2016-q1-mda.pdf
03-Reports-and-Financials/Financials/2015-q4-fs--3e80bfc154.pdf	static/documents/financials/2015-annual-fs.pdf
03-Reports-and-Financials/Financials/2015-q4-mda--0a7478ae24.pdf	static/documents/financials/2015-annual-mda.pdf
03-Reports-and-Financials/Financials/2015-q3-fs--a141c24e7f.pdf	static/documents/financials/2015-q3-fs.pdf
03-Reports-and-Financials/Financials/2015-q3-mda--cf2cf8ef9c.pdf	static/documents/financials/2015-q3-mda.pdf
03-Reports-and-Financials/Shareholder-Meetings/2014-agm--dd731b97cd.pdf	static/documents/agm/2014-agm.pdf
03-Reports-and-Financials/Financials/2015-q2-fs--66a7fce8ec.pdf	static/documents/financials/2015-q2-fs.pdf
03-Reports-and-Financials/Financials/2015-q2-mda--4c4e27eb68.pdf	static/documents/financials/2015-q2-mda.pdf
03-Reports-and-Financials/Financials/2015-q1-fs--7804d365d9.pdf	static/documents/financials/2015-q1-fs.pdf
03-Reports-and-Financials/Financials/2015-q1-mda--44bff02262.pdf	static/documents/financials/2015-q1-mda.pdf
03-Reports-and-Financials/Financials/2014-q4-fs--ec5acfd603.pdf	static/documents/financials/2014-annual-fs.pdf
03-Reports-and-Financials/Financials/2014-q4-mda--08b8f63735.pdf	static/documents/financials/2014-annual-mda.pdf
03-Reports-and-Financials/Shareholder-Meetings/2013-agm--fdf5d90d52.pdf	static/documents/agm/2013-agm.pdf
03-Reports-and-Financials/Financials/2014-q3-fs--a66df82c95.pdf	static/documents/financials/2014-q3-fs.pdf
03-Reports-and-Financials/Financials/2014-q3-mda--b40dc1b87b.pdf	static/documents/financials/2014-q3-mda.pdf
03-Reports-and-Financials/Financials/2014-q2-fs--c23e25be2e.pdf	static/documents/financials/2014-q2-fs.pdf
03-Reports-and-Financials/Financials/2014-q2-mda--c48b7704a3.pdf	static/documents/financials/2014-q2-mda.pdf
03-Reports-and-Financials/Financials/2014-q1-fs--26133f8316.pdf	static/documents/financials/2014-q1-fs.pdf
03-Reports-and-Financials/Financials/2014-q1-mda--922d13960e.pdf	static/documents/financials/2014-q1-mda.pdf
03-Reports-and-Financials/Financials/2013-q4-fs--02d15191c9.pdf	static/documents/financials/2013-annual-fs.pdf
03-Reports-and-Financials/Financials/2013-q4-mda--da98ce51c8.pdf	static/documents/financials/2013-annual-mda.pdf
03-Reports-and-Financials/Financials/2013-q3-fs--b8533204f0.pdf	static/documents/financials/2013-q3-fs.pdf
03-Reports-and-Financials/Financials/2013-q3-mda--14b6ae8255.pdf	static/documents/financials/2013-q3-mda.pdf
03-Reports-and-Financials/Shareholder-Meetings/2012-agm--3b25740675.pdf	static/documents/agm/2012-agm.pdf
03-Reports-and-Financials/Financials/2013-q2-fs--42feb13759.pdf	static/documents/financials/2013-q2-fs.pdf
03-Reports-and-Financials/Financials/2013-q2-mda--787b89e8fb.pdf	static/documents/financials/2013-q2-mda.pdf
03-Reports-and-Financials/Financials/2013-q1-fs--6a9bf0c592.pdf	static/documents/financials/2013-q1-fs.pdf
03-Reports-and-Financials/Financials/2013-q1-mda--f7ba6140b3.pdf	static/documents/financials/2013-q1-mda.pdf
03-Reports-and-Financials/Shareholder-Meetings/notice-2026--597e5a1013.pdf	static/documents/agm/2026-notice-of-meeting.pdf
03-Reports-and-Financials/Shareholder-Meetings/info-circ-2026-april-15--d556c504b8.pdf	static/documents/agm/2026-information-circular.pdf
03-Reports-and-Financials/Shareholder-Meetings/gvbq-sedar-proxy-english-2026--ddafd09777.pdf	static/documents/agm/2026-form-of-proxy.pdf
04-Presentations/granada-gold-presentation-september-16-2026--a83fb69fc1.pdf	static/documents/presentations/granada-corporate-presentation-2026-09.pdf
03-Reports-and-Financials/Technical-Reports/granada_gold_project_2026_43101_technical_report_for_granada_gold_-_final_2026_rv4--3705bf9ceb.pdf	static/documents/technical-reports/granada-ni-43-101-technical-report-2026.pdf
03-Reports-and-Financials/Community/2017-02-ggm-followupcommittee--63de32abc4.pdf	static/documents/community/follow-up-committee-2017-02-en.pdf
03-Reports-and-Financials/Community/french-2017-02-ggm-followupcommittee-fr--af81b12678.pdf	static/documents/community/follow-up-committee-2017-02-fr.pdf
03-Reports-and-Financials/Community/highlites_of_the_public_information_session_-_english_document--84c4f7316c.pdf	static/documents/community/public-information-session-2014-02-26-en.pdf
03-Reports-and-Financials/Community/highlites_of_the_public_information_session_-_french_document--2d1d5fce0a.pdf	static/documents/community/public-information-session-2014-02-26-fr.pdf
03-Reports-and-Financials/Community/ppt_gold_bullion_public_meeting_21_may--9931548d3e.pdf	static/documents/community/public-meeting-2014-05-21-en.pdf
03-Reports-and-Financials/Community/gold_bullion_rencontre_publique_du_21_mai--ec5dc1b691.pdf	static/documents/community/public-meeting-2014-05-21-fr.pdf
03-Reports-and-Financials/Community/gold_bullion_26_fe_vrier2014_en--9adba1eb8f.pdf	static/documents/community/granada-project-2014-02-en.pdf
03-Reports-and-Financials/Community/gold_bullion_26_fevrier2014--34b8740504.pdf	static/documents/community/granada-project-2014-02-fr.pdf
03-Reports-and-Financials/Other-Documents/gr20-20_gr20-21_intervals--136b87a54a.pdf	static/documents/property/gr-20-20-gr-20-22-interval-table-2021-05.pdf
05-Images/logo--15de8cea9d.png	src/media/common/logo.png
05-Images/favicon--d824a934cb.png	src/media/common/favicon.png
05-Images/home-banner-2--df9f0446f8.jpg	src/media/home/hero.jpg
05-Images/banner-more-gold-bg--ddd8842b56.jpg	src/media/common/banner.jpg
05-Images/dir-f-basa.200x200--173a6b46b9.jpg	src/media/about/frank-basa.jpg
05-Images/jw-dumont.200x200--c221de34d1.jpg	src/media/about/jw-dumont.jpg
05-Images/matt_halliday_picture.200x200--2adbae3f8f.jpg	src/media/about/matthew-halliday.jpg
05-Images/daniel_barrette_copy.200x200--fbb56b9c91.jpg	src/media/about/daniel-barrette.jpg
05-Images/maya-basa.200x200--1b93944e93.jpg	src/media/about/maya-basa.jpg
05-Images/heidi-gutte.200x200--1f24222c94.jpg	src/media/about/heidi-gutte.jpg
05-Images/tiny-whyte-headshot-web.200x200--ad6a01fe62.jpg	src/media/about/tina-whyte.jpg
05-Images/site-23--88f88e9dbf.jpg	src/media/property/project-site.jpg
05-Images/sept2006-103--be65d4f6cb.jpg	src/media/property/gold-pour-1.jpg
05-Images/sept2006-100--734b565c91.jpg	src/media/property/gold-pour-2.jpg
05-Images/sept2006_097--4a2c25e2ab.jpg	src/media/property/gold-pour-3.jpg
05-Images/august2006_043--8fdf6c5c5d.jpg	src/media/property/gold-pour-4.jpg
05-Images/img_2505--8e52792673.jpg	src/media/property/near-surface-sample-2016.jpg
05-Images/granada-mining-history--03d2e2af08.jpg	src/media/property/history-rouyn-1927.jpg
05-Images/granada-mine-site--3160145f2f.jpg	src/media/property/mine-site.jpg
05-Images/helicopter--0c95ecb218.jpg	src/media/property/rouyn-noranda-aerial.jpg
05-Images/ggm-ecole-granada--f965d79854.jpg	src/media/property/ecole-granada.jpg
05-Images/composite-of-details--bdbcb5ced2.png	src/media/property/visible-gold-samples.png
05-Images/pr-jan2020-02r02--9e08b91da6.jpg	src/media/media/maps/stripping-map.jpg
05-Images/ggm-pr-ddh-location-map_drilling2019_r01--3bc39cb7ee.jpg	src/media/media/maps/drill-holes-location-2019-08.jpg
05-Images/ggm_coupe_promo_pr_2020_jan_08_copy--7825705411.jpg	src/media/media/maps/high-grade-intersections.jpg
05-Images/2020-01-06_first_analytical_results_from_hole_gr-19-ar_copy--56997e6e55.jpg	src/media/media/maps/gr-19-a-first-analytical-results.jpg
05-Images/ggm_deposit_cross-section_title--707c6c72b6.jpg	src/media/media/maps/deposit-cross-section.jpg
05-Images/2018-10-05_fig01_for-pr_commence-drilling--bf8f9c7740.jpg	src/media/media/maps/drill-program-location-2018-10.jpg
05-Images/granada-overview-map-main--004_prfig02_en_r04-july-13--28bbc35822.jpg	src/media/media/maps/overview-map-main.jpg
05-Images/granada-blk_au-_2_-may-25--2017--4796e499fb.png	src/media/media/maps/blk-au-2-underground-zone.jpg
05-Images/granada-overview-map_ih_2--62ed793947.png	src/media/media/maps/overview-map.jpg
05-Images/granada-location-v2--525000ccde.jpg	src/media/media/maps/mine-location.jpg
05-Images/granadagoldproperty-v2--25b52b885c.jpg	src/media/media/maps/property.jpg
05-Images/granada-drill-hole-map-february-27-2017--389c0d38bf.jpg	src/media/media/maps/drill-hole-locations-2017-02-27.jpg
05-Images/granadaexplorationtargets--5980948bc2.jpg	src/media/media/maps/aukeko-austin-rouyn-shafts.jpg
05-Images/104688_c-3_plan-layout-150129--676b4c6cdc.jpg	src/media/media/maps/rolling-start-site-layout.jpg
05-Images/019_montage006_en_r02--380f1ba4d2.jpg	src/media/media/maps/gr-17-04-location-2017-02-28.jpg
05-Images/019_montage005_en_r04--9cd1499e13.jpg	src/media/media/maps/deep-drill-holes-2017-01.jpg
05-Images/granada_drill_map_february_1_2017--b7958caae5.jpg	src/media/media/maps/drill-map-2017-02.jpg
05-Images/ggm-map-historic-holes--9268eb3ba5.jpg	src/media/media/maps/drill-map-historic-holes.jpg
05-Images/img-1958--94a7f21b05.jpg	src/media/media/images/gold-2020-08-11-1.jpg
05-Images/img-1967--1158566b28.jpg	src/media/media/images/gold-2020-08-11-2.jpg
05-Images/img-1845--cb6ba3884b.jpg	src/media/media/images/bulk-sampling-2020-06-1.jpg
05-Images/img-1841--16e853e303.jpg	src/media/media/images/bulk-sampling-2020-06-2.jpg
05-Images/20200601_081355--bca90d7b02.jpg	src/media/media/images/bulk-sampling-2020-spring-1.jpg
05-Images/20200601_105849--f78a97c38d.jpg	src/media/media/images/bulk-sampling-2020-spring-2.jpg
05-Images/20200601_164327--0ce5178378.jpg	src/media/media/images/bulk-sampling-2020-spring-3.jpg
05-Images/20200601_170759--4bfff56702.jpg	src/media/media/images/bulk-sampling-2020-spring-4.jpg
